<?xml version="1.0" encoding="UTF-8"?>
<databaseChangeLog xmlns="http://www.liquibase.org/xml/ns/dbchangelog"
    xmlns:xsi="http://www.w3.org/2001/XMLSchema-instance"
    xsi:schemaLocation="http://www.liquibase.org/xml/ns/dbchangelog
      http://www.liquibase.org/xml/ns/dbchangelog/dbchangelog-4.1.xsd">

    <!-- id format base_app_date_in_YYYY_MMM_DD_Serial_Number-->
    <changeSet author="Rahul Kumar" id="hello_world_app_2022_OCT_22_00001">
        <createTable tableName="message">
            <column name="id" type="bigint" autoIncrement="true">
                <constraints nullable="false" primaryKey="true"/>
            </column>
            <column name="message_id" type="nvarchar(50)">
                <constraints nullable="false" unique="true"/>
            </column>
            <column name="content" type="nvarchar(50)"/>

            <column name="created_ts" type="timestamp">
                <constraints nullable="false"/>
            </column>
            <column name="updated_ts" type="timestamp"/>
        </createTable>
    </changeSet>

</databaseChangeLog>
