<configuration>
    <appender name="consoleAppender" class="ch.qos.logback.core.ConsoleAppender">
        <encoder class="net.logstash.logback.encoder.LoggingEventCompositeJsonEncoder">
            <providers>
                <timestamp>timestamp
                    <fieldName>timestamp</fieldName>
                    <timeZone>UTC</timeZone>
                </timestamp>
                <logLevel/>
                <pattern>
                    <pattern>
                        {
                        "serviceName": "%mdc{SERVICE_NAME}",
                        "clientIpAddress": "%mdc{IP_ADDRESS}",
                        "correlationId": "%mdc{CORRELATION_ID}",
                        "applicationName": "%mdc{APP_NAME}"
                        }
                    </pattern>
                </pattern>
                <message/>
                <arguments>
                    <includeNonStructuredArguments>false</includeNonStructuredArguments>
                </arguments>
                <callerData>
                    <classFieldName>classname</classFieldName>
                    <methodFieldName>method</methodFieldName>
                    <fileFieldName>file</fileFieldName>
                    <lineFieldName>line</lineFieldName>
                </callerData>
                <logstashMarkers/>
                <stackTrace>
                    <throwableConverter class="net.logstash.logback.stacktrace.ShortenedThrowableConverter">
                        <maxDepthPerThrowable>5</maxDepthPerThrowable>
                        <maxLength>2048</maxLength>
                        <shortenedClassNameLength>20</shortenedClassNameLength>
                        <exclude>sun\.reflect\..*\.invoke.*</exclude>
                        <exclude>net\.sf\.cglib\.proxy\.MethodProxy\.invoke</exclude>
                        <rootCauseFirst>true</rootCauseFirst>
                    </throwableConverter>
                </stackTrace>
            </providers>
        </encoder>
    </appender>
    <logger name="jsonLogger" additivity="false">
        <appender-ref ref="consoleAppender"/>
    </logger>
    <root level="ERROR">
        <appender-ref ref="consoleAppender"/>
    </root>
</configuration>
